{
  "no_privacy": {
    "config_name": "no_privacy",
    "privacy_enabled": false,
    "privacy_scope": "none",
    "privacy_method": "none",
    "mAP50": 0.6789828072844541,
    "mAP50_95": 0.0,
    "precision": 0.7386759581881533,
    "recall": 0.7386759581881533,
    "f1": 0.7386759581881533,
    "tp_count": 212,
    "fp_count": 75,
    "fn_count": 75,
    "gflops": 32.26,
    "fps": 11.792072785326518,
    "latency_ms": 84.80273300588438
  },
  "selective_pixelate": {
    "config_name": "selective_pixelate",
    "privacy_enabled": true,
    "privacy_scope": "non_targets",
    "privacy_method": "pixelate",
    "mAP50": 0.6789828072844541,
    "mAP50_95": 0.0,
    "precision": 0.7386759581881533,
    "recall": 0.7386759581881533,
    "f1": 0.7386759581881533,
    "tp_count": 212,
    "fp_count": 75,
    "fn_count": 75,
    "gflops": 32.26,
    "fps": 12.743625685374406,
    "latency_ms": 78.47060363265999
  },
  "selective_gaussian": {
    "config_name": "selective_gaussian",
    "privacy_enabled": true,
    "privacy_scope": "non_targets",
    "privacy_method": "gaussian",
    "mAP50": 0.6789828072844541,
    "mAP50_95": 0.0,
    "precision": 0.7386759581881533,
    "recall": 0.7386759581881533,
    "f1": 0.7386759581881533,
    "tp_count": 212,
    "fp_count": 75,
    "fn_count": 75,
    "gflops": 32.26,
    "fps": 12.721120814160853,
    "latency_ms": 78.60942558511223
  },
  "blanket_pixelate": {
    "config_name": "blanket_pixelate",
    "privacy_enabled": true,
    "privacy_scope": "everyone",
    "privacy_method": "pixelate",
    "mAP50": 0.6789828072844541,
    "mAP50_95": 0.0,
    "precision": 0.7386759581881533,
    "recall": 0.7386759581881533,
    "f1": 0.7386759581881533,
    "tp_count": 212,
    "fp_count": 75,
    "fn_count": 75,
    "gflops": 32.26,
    "fps": 12.580092030779293,
    "latency_ms": 79.49067443650915
  }
}