{
  "H2.1": {
    "description": "RT-DETR achieves parity or superiority vs EfficientViT",
    "rt_detr_mAP50": 0.6114560187992386,
    "efficientvit_mAP50": 0.6789828072844541,
    "difference_pp": -6.752678848521554,
    "hypothesis_supported": "False"
  },
  "H2.2": {
    "description": "EfficientViT >= 90% accuracy at <= 50% cost",
    "accuracy_ratio_percent": 111.04360516686431,
    "cost_ratio_percent": 12.471006649141795,
    "efficientvit_gflops": 32.26,
    "rt_detr_gflops": 258.68,
    "hypothesis_supported": true
  },
  "H2.3": {
    "description": "RT-DETR shows larger advantage on knives than handguns",
    "rt_detr_knife_mAP50": 0.42197055330742966,
    "efficientvit_knife_mAP50": 0.5688537005798117,
    "knife_gap_pp": -14.6883147272382,
    "rt_detr_handgun_mAP50": 0.8009414842910476,
    "efficientvit_handgun_mAP50": 0.7891119139890966,
    "handgun_gap_pp": 1.1829570301950976,
    "hypothesis_supported": "False"
  },
  "H2.4": {
    "description": "Both architectures achieve >= 10 FPS",
    "rt_detr_fps": 11.88259493973861,
    "efficientvit_fps": 12.958843198395408,
    "threshold_fps": 10.0,
    "hypothesis_supported": true
  }
}