{
  "baseline": {
    "config_name": "baseline",
    "mAP50": 0.6789828072844541,
    "mAP50_95": 0.0,
    "precision": 0.7386759581881533,
    "recall": 0.7386759581881533,
    "f1": 0.7386759581881533,
    "tp_count": 212,
    "fp_count": 75,
    "fn_count": 75,
    "gflops": 32.26,
    "fps": 12.330444579334339,
    "latency_ms": 81.10007660842876,
    "handgun_mAP50": 0.7891119139890966,
    "knife_mAP50": 0.5688537005798117
  },
  "no_person_detection": {
    "config_name": "no_person_detection",
    "mAP50": 0.4329935680187975,
    "mAP50_95": 0.0,
    "precision": 0.7771739130434783,
    "recall": 0.49825783972125437,
    "f1": 0.6072186836518048,
    "tp_count": 143,
    "fp_count": 41,
    "fn_count": 144,
    "gflops": 6.2,
    "fps": 33.32753342425481,
    "latency_ms": 30.005220826580256,
    "handgun_mAP50": 0.5074464252809867,
    "knife_mAP50": 0.35854071075660826
  },
  "no_nms": {
    "config_name": "no_nms",
    "mAP50": 0.508274664959976,
    "mAP50_95": 0.0,
    "precision": 0.4574468085106383,
    "recall": 0.7491289198606271,
    "f1": 0.5680317040951123,
    "tp_count": 215,
    "fp_count": 255,
    "fn_count": 72,
    "gflops": 32.26,
    "fps": 13.697128430869794,
    "latency_ms": 73.00800346927156,
    "handgun_mAP50": 0.6258469050013545,
    "knife_mAP50": 0.3907024249185974
  },
  "crop_scale_1.0": {
    "config_name": "crop_scale_1.0",
    "mAP50": 0.6165766653957855,
    "mAP50_95": 0.0,
    "precision": 0.8482142857142857,
    "recall": 0.662020905923345,
    "f1": 0.7436399217221136,
    "tp_count": 190,
    "fp_count": 34,
    "fn_count": 97,
    "gflops": 32.26,
    "fps": 12.946927478616946,
    "latency_ms": 77.23840282967468,
    "handgun_mAP50": 0.7176560758226271,
    "knife_mAP50": 0.5154972549689438
  },
  "crop_scale_1.2": {
    "config_name": "crop_scale_1.2",
    "mAP50": 0.6580534554992317,
    "mAP50_95": 0.0,
    "precision": 0.7727272727272727,
    "recall": 0.710801393728223,
    "f1": 0.7404718693284936,
    "tp_count": 204,
    "fp_count": 60,
    "fn_count": 83,
    "gflops": 32.26,
    "fps": 12.682122746024367,
    "latency_ms": 78.8511529202383,
    "handgun_mAP50": 0.7524954973789816,
    "knife_mAP50": 0.5636114136194816
  },
  "crop_scale_1.5": {
    "config_name": "crop_scale_1.5",
    "mAP50": 0.6928023093656497,
    "mAP50_95": 0.0,
    "precision": 0.7689530685920578,
    "recall": 0.7421602787456446,
    "f1": 0.7553191489361702,
    "tp_count": 213,
    "fp_count": 64,
    "fn_count": 74,
    "gflops": 32.26,
    "fps": 13.162836447926262,
    "latency_ms": 75.97146739277042,
    "handgun_mAP50": 0.81171243908761,
    "knife_mAP50": 0.5738921796436892
  },
  "crop_scale_1.8": {
    "config_name": "crop_scale_1.8",
    "mAP50": 0.6968595856569624,
    "mAP50_95": 0.0,
    "precision": 0.8223938223938224,
    "recall": 0.7421602787456446,
    "f1": 0.7802197802197802,
    "tp_count": 213,
    "fp_count": 46,
    "fn_count": 74,
    "gflops": 32.26,
    "fps": 12.961106697660174,
    "latency_ms": 77.15390539764067,
    "handgun_mAP50": 0.7933198546261462,
    "knife_mAP50": 0.6003993166877785
  },
  "crop_scale_2.0": {
    "config_name": "crop_scale_2.0",
    "mAP50": 0.6480419137000366,
    "mAP50_95": 0.0,
    "precision": 0.808,
    "recall": 0.7038327526132404,
    "f1": 0.7523277467411547,
    "tp_count": 202,
    "fp_count": 48,
    "fn_count": 85,
    "gflops": 32.26,
    "fps": 12.965190182400246,
    "latency_ms": 77.12960519140414,
    "handgun_mAP50": 0.760800953789901,
    "knife_mAP50": 0.5352828736101721
  },
  "crop_scale_2.5": {
    "config_name": "crop_scale_2.5",
    "mAP50": 0.6789828072844541,
    "mAP50_95": 0.0,
    "precision": 0.7386759581881533,
    "recall": 0.7386759581881533,
    "f1": 0.7386759581881533,
    "tp_count": 212,
    "fp_count": 75,
    "fn_count": 75,
    "gflops": 32.26,
    "fps": 12.357055845407904,
    "latency_ms": 80.92542532059667,
    "handgun_mAP50": 0.7891119139890966,
    "knife_mAP50": 0.5688537005798117
  },
  "crop_scale_3.0": {
    "config_name": "crop_scale_3.0",
    "mAP50": 0.681218244585984,
    "mAP50_95": 0.0,
    "precision": 0.7033333333333334,
    "recall": 0.735191637630662,
    "f1": 0.7189097103918228,
    "tp_count": 211,
    "fp_count": 89,
    "fn_count": 76,
    "gflops": 32.26,
    "fps": 12.415835410669054,
    "latency_ms": 80.54230480058473,
    "handgun_mAP50": 0.7530824128594504,
    "knife_mAP50": 0.6093540763125175
  }
}