{
  "no_tracking": {
    "config_name": "no_tracking",
    "use_tracker": false,
    "frame_gap": 1,
    "mAP50": 0.6789828072844541,
    "mAP50_95": 0.0,
    "precision": 0.7386759581881533,
    "recall": 0.7386759581881533,
    "f1": 0.7386759581881533,
    "tp_count": 212,
    "fp_count": 75,
    "fn_count": 75,
    "gflops": 32.26,
    "fps": 11.690766854294544,
    "latency_ms": 85.53758812089004
  },
  "with_tracking": {
    "config_name": "with_tracking",
    "use_tracker": true,
    "frame_gap": 1,
    "mAP50": 0.6789828072844541,
    "mAP50_95": 0.0,
    "precision": 0.7386759581881533,
    "recall": 0.7386759581881533,
    "f1": 0.7386759581881533,
    "tp_count": 212,
    "fp_count": 75,
    "fn_count": 75,
    "gflops": 32.26,
    "fps": 12.825400842694336,
    "latency_ms": 77.97027260708383
  },
  "gap_1": {
    "config_name": "gap_1",
    "use_tracker": true,
    "frame_gap": 1,
    "mAP50": 0.6789828072844541,
    "mAP50_95": 0.0,
    "precision": 0.7386759581881533,
    "recall": 0.7386759581881533,
    "f1": 0.7386759581881533,
    "tp_count": 212,
    "fp_count": 75,
    "fn_count": 75,
    "gflops": 32.26,
    "fps": 12.786600599321426,
    "latency_ms": 78.20686915434499
  },
  "gap_2": {
    "config_name": "gap_2",
    "use_tracker": true,
    "frame_gap": 2,
    "mAP50": 0.6636159266764369,
    "mAP50_95": 0.0,
    "precision": 0.75,
    "recall": 0.7212543554006968,
    "f1": 0.7353463587921846,
    "tp_count": 207,
    "fp_count": 69,
    "fn_count": 80,
    "gflops": 24.7,
    "fps": 15.91792436664863,
    "latency_ms": 62.82226105403594
  },
  "gap_3": {
    "config_name": "gap_3",
    "use_tracker": true,
    "frame_gap": 3,
    "mAP50": 0.6268311226292886,
    "mAP50_95": 0.0,
    "precision": 0.7406015037593985,
    "recall": 0.686411149825784,
    "f1": 0.7124773960216998,
    "tp_count": 197,
    "fp_count": 69,
    "fn_count": 90,
    "gflops": 21.83,
    "fps": 17.73720129462573,
    "latency_ms": 56.37868023198193
  },
  "gap_5": {
    "config_name": "gap_5",
    "use_tracker": true,
    "frame_gap": 5,
    "mAP50": 0.5824526033568516,
    "mAP50_95": 0.0,
    "precision": 0.6984732824427481,
    "recall": 0.6376306620209059,
    "f1": 0.6666666666666666,
    "tp_count": 183,
    "fp_count": 79,
    "fn_count": 104,
    "gflops": 19.57,
    "fps": 19.583690460122526,
    "latency_ms": 51.062898590858524
  },
  "gap_8": {
    "config_name": "gap_8",
    "use_tracker": true,
    "frame_gap": 8,
    "mAP50": 0.5676052676079586,
    "mAP50_95": 0.0,
    "precision": 0.717741935483871,
    "recall": 0.6202090592334495,
    "f1": 0.6654205607476635,
    "tp_count": 178,
    "fp_count": 70,
    "fn_count": 109,
    "gflops": 17.85,
    "fps": 20.36281839903044,
    "latency_ms": 49.10911546741556
  }
}